Name,URL,Prompt,Date
Aetherfin,https://x.com/grokimals/status/2102745182299206111,,9-23-2026
Cliff Pedaler,https://x.com/grokimals/status/2103107561658683743,Create a portrait of a dolphin cycling on a cliffside in a pixel art style,9-24-2026
Canyon Carve,https://x.com/grokimals/status/2103469862546821128,Create a portrait of a pig skiing in a canyon in a pixel art style,9-25-2026
Wheat Kingpin,https://x.com/grokimals/status/2103832368284852260,Create a portrait of a lion bowling in a wheat field in a street art style,9-26-2026
Cosmo Tusk,https://x.com/grokimals/status/2104194808998920632,Create a portrait of an elephant skateboarding on the moon in a surrealism style,9-27-2026
Warhol Hart,https://x.com/grokimals/status/2104557057948922154,Create a portrait of a deer painter on a mountain in a pop art style,9-28-2026
Bog Blitz,https://x.com/grokimals/status/2104919436813533535,Create a portrait of a bear skiing in a swamp in a futurism style,9-29-2026
Icecapella,https://x.com/grokimals/status/2105281786553016700,Create a portrait of a cow singing on a frozen lake in a pop art style,9-30-2026
Brasshopper,https://x.com/grokimals/status/2105644225106973026,Create a portrait of a chicken climbing in a meadow in a steampunk style,10-1-2026
Pelagic Polka,https://x.com/grokimals/status/2106006616243831165,Create a portrait of a duck dancing on the open ocean in a digital style,10-2-2026
Summit Scholar,https://x.com/grokimals/status/2106369015027580993,Create a portrait of a shark reading on a mountain in a pop art style,10-3-2026
Bayou Picasso,https://x.com/grokimals/status/2106731360736121091,Create a portrait of a penguin surfing in a swamp in a cubism style,10-4-2026
Paddle Picasso,https://x.com/grokimals/status/2107093761742315733,Create a portrait of a monkey kayaking on a frozen lake in a cubism style,10-5-2026
